county_name,death_year,type,death_count
Pennsylvania,2000,final,130092
Pennsylvania,2001,final,129648
Pennsylvania,2002,final,129396
Pennsylvania,2003,final,128890
Pennsylvania,2004,final,126602
Pennsylvania,2005,final,128447
Pennsylvania,2006,final,124460
Pennsylvania,2007,final,123967
Pennsylvania,2008,final,126332
Pennsylvania,2009,final,123924
Pennsylvania,2010,final,123473
Pennsylvania,2011,final,127122
Pennsylvania,2012,final,125432
Pennsylvania,2013,final,128704
Pennsylvania,2014,final,127773
Pennsylvania,2015,final,132278
Pennsylvania,2016,final,132724
Pennsylvania,2017,final,135577
Pennsylvania,2018,projected,134571
Pennsylvania,2019,projected,135075
Adams,2000,final,807
Adams,2001,final,822
Adams,2002,final,892
Adams,2003,final,925
Adams,2004,final,861
Adams,2005,final,910
Adams,2006,final,872
Adams,2007,final,910
Adams,2008,final,884
Adams,2009,final,860
Adams,2010,final,906
Adams,2011,final,938
Adams,2012,final,969
Adams,2013,final,974
Adams,2014,final,981
Adams,2015,final,1053
Adams,2016,final,1049
Adams,2017,final,1051
Adams,2018,projected,1055
Adams,2019,projected,1056
Allegheny,2000,final,15072
Allegheny,2001,final,15478
Allegheny,2002,final,15100
Allegheny,2003,final,15104
Allegheny,2004,final,14507
Allegheny,2005,final,14791
Allegheny,2006,final,14049
Allegheny,2007,final,13871
Allegheny,2008,final,14105
Allegheny,2009,final,13585
Allegheny,2010,final,13424
Allegheny,2011,final,13782
Allegheny,2012,final,13322
Allegheny,2013,final,13480
Allegheny,2014,final,13505
Allegheny,2015,final,13866
Allegheny,2016,final,13804
Allegheny,2017,final,14127
Allegheny,2018,projected,14051
Allegheny,2019,projected,14010
Armstrong,2000,final,866
Armstrong,2001,final,864
Armstrong,2002,final,912
Armstrong,2003,final,842
Armstrong,2004,final,835
Armstrong,2005,final,843
Armstrong,2006,final,829
Armstrong,2007,final,830
Armstrong,2008,final,824
Armstrong,2009,final,867
Armstrong,2010,final,775
Armstrong,2011,final,826
Armstrong,2012,final,855
Armstrong,2013,final,818
Armstrong,2014,final,830
Armstrong,2015,final,802
Armstrong,2016,final,886
Armstrong,2017,final,879
Armstrong,2018,projected,855
Armstrong,2019,projected,858
Beaver,2000,final,2049
Beaver,2001,final,2147
Beaver,2002,final,2209
Beaver,2003,final,2105
Beaver,2004,final,2075
Beaver,2005,final,2107
Beaver,2006,final,2091
Beaver,2007,final,2090
Beaver,2008,final,2149
Beaver,2009,final,2013
Beaver,2010,final,1902
Beaver,2011,final,2058
Beaver,2012,final,2093
Beaver,2013,final,2168
Beaver,2014,final,2092
Beaver,2015,final,2177
Beaver,2016,final,2202
Beaver,2017,final,2196
Beaver,2018,projected,2185
Beaver,2019,projected,2174
Bedford,2000,final,539
Bedford,2001,final,481
Bedford,2002,final,460
Bedford,2003,final,501
Bedford,2004,final,486
Bedford,2005,final,510
Bedford,2006,final,488
Bedford,2007,final,467
Bedford,2008,final,523
Bedford,2009,final,489
Bedford,2010,final,510
Bedford,2011,final,563
Bedford,2012,final,482
Bedford,2013,final,572
Bedford,2014,final,587
Bedford,2015,final,578
Bedford,2016,final,584
Bedford,2017,final,610
Bedford,2018,projected,596
Bedford,2019,projected,599
Berks,2000,final,3621
Berks,2001,final,3654
Berks,2002,final,3633
Berks,2003,final,3555
Berks,2004,final,3451
Berks,2005,final,3651
Berks,2006,final,3485
Berks,2007,final,3461
Berks,2008,final,3543
Berks,2009,final,3532
Berks,2010,final,3622
Berks,2011,final,3669
Berks,2012,final,3658
Berks,2013,final,3862
Berks,2014,final,3723
Berks,2015,final,3966
Berks,2016,final,4060
Berks,2017,final,4036
Berks,2018,projected,4177
Berks,2019,projected,4210
Blair,2000,final,1590
Blair,2001,final,1672
Blair,2002,final,1666
Blair,2003,final,1587
Blair,2004,final,1549
Blair,2005,final,1631
Blair,2006,final,1578
Blair,2007,final,1456
Blair,2008,final,1549
Blair,2009,final,1603
Blair,2010,final,1564
Blair,2011,final,1544
Blair,2012,final,1562
Blair,2013,final,1707
Blair,2014,final,1491
Blair,2015,final,1646
Blair,2016,final,1629
Blair,2017,final,1605
Blair,2018,projected,1599
Blair,2019,projected,1597
Bradford,2000,final,625
Bradford,2001,final,631
Bradford,2002,final,659
Bradford,2003,final,686
Bradford,2004,final,686
Bradford,2005,final,654
Bradford,2006,final,647
Bradford,2007,final,622
Bradford,2008,final,698
Bradford,2009,final,664
Bradford,2010,final,663
Bradford,2011,final,670
Bradford,2012,final,629
Bradford,2013,final,665
Bradford,2014,final,687
Bradford,2015,final,720
Bradford,2016,final,653
Bradford,2017,final,707
Bradford,2018,projected,673
Bradford,2019,projected,674
Bucks,2000,final,4995
Bucks,2001,final,4994
Bucks,2002,final,4958
Bucks,2003,final,5071
Bucks,2004,final,5048
Bucks,2005,final,5203
Bucks,2006,final,4911
Bucks,2007,final,4961
Bucks,2008,final,4964
Bucks,2009,final,5157
Bucks,2010,final,5258
Bucks,2011,final,5359
Bucks,2012,final,5333
Bucks,2013,final,5801
Bucks,2014,final,5659
Bucks,2015,final,5956
Bucks,2016,final,6010
Bucks,2017,final,6157
Bucks,2018,projected,6108
Bucks,2019,projected,6122
Butler,2000,final,1633
Butler,2001,final,1714
Butler,2002,final,1816
Butler,2003,final,1757
Butler,2004,final,1867
Butler,2005,final,1732
Butler,2006,final,1724
Butler,2007,final,1794
Butler,2008,final,1785
Butler,2009,final,1766
Butler,2010,final,1785
Butler,2011,final,1843
Butler,2012,final,1874
Butler,2013,final,1881
Butler,2014,final,1897
Butler,2015,final,1942
Butler,2016,final,1982
Butler,2017,final,2086
Butler,2018,projected,2030
Butler,2019,projected,2036
Cambria,2000,final,2015
Cambria,2001,final,1961
Cambria,2002,final,1913
Cambria,2003,final,1878
Cambria,2004,final,1863
Cambria,2005,final,1876
Cambria,2006,final,1884
Cambria,2007,final,1818
Cambria,2008,final,1799
Cambria,2009,final,1812
Cambria,2010,final,1858
Cambria,2011,final,1809
Cambria,2012,final,1788
Cambria,2013,final,1791
Cambria,2014,final,1776
Cambria,2015,final,1941
Cambria,2016,final,1934
Cambria,2017,final,1902
Cambria,2018,projected,1907
Cambria,2019,projected,1902
Cameron,2000,final,67
Cameron,2001,final,75
Cameron,2002,final,72
Cameron,2003,final,75
Cameron,2004,final,83
Cameron,2005,final,67
Cameron,2006,final,74
Cameron,2007,final,58
Cameron,2008,final,62
Cameron,2009,final,68
Cameron,2010,final,65
Cameron,2011,final,66
Cameron,2012,final,69
Cameron,2013,final,54
Cameron,2014,final,53
Cameron,2015,final,62
Cameron,2016,final,49
Cameron,2017,final,71
Cameron,2018,projected,62
Cameron,2019,projected,62
Carbon,2000,final,788
Carbon,2001,final,764
Carbon,2002,final,788
Carbon,2003,final,709
Carbon,2004,final,726
Carbon,2005,final,793
Carbon,2006,final,817
Carbon,2007,final,757
Carbon,2008,final,712
Carbon,2009,final,776
Carbon,2010,final,782
Carbon,2011,final,815
Carbon,2012,final,779
Carbon,2013,final,797
Carbon,2014,final,770
Carbon,2015,final,857
Carbon,2016,final,797
Carbon,2017,final,827
Carbon,2018,projected,808
Carbon,2019,projected,803
Centre,2000,final,861
Centre,2001,final,909
Centre,2002,final,848
Centre,2003,final,936
Centre,2004,final,832
Centre,2005,final,891
Centre,2006,final,860
Centre,2007,final,881
Centre,2008,final,935
Centre,2009,final,914
Centre,2010,final,929
Centre,2011,final,937
Centre,2012,final,917
Centre,2013,final,897
Centre,2014,final,874
Centre,2015,final,984
Centre,2016,final,974
Centre,2017,final,1006
Centre,2018,projected,961
Centre,2019,projected,962
Chester,2000,final,3311
Chester,2001,final,3202
Chester,2002,final,3286
Chester,2003,final,3286
Chester,2004,final,3277
Chester,2005,final,3462
Chester,2006,final,3364
Chester,2007,final,3391
Chester,2008,final,3527
Chester,2009,final,3489
Chester,2010,final,3453
Chester,2011,final,3655
Chester,2012,final,3632
Chester,2013,final,3662
Chester,2014,final,3749
Chester,2015,final,3944
Chester,2016,final,3885
Chester,2017,final,4122
Chester,2018,projected,4091
Chester,2019,projected,4188
Clarion,2000,final,434
Clarion,2001,final,424
Clarion,2002,final,456
Clarion,2003,final,426
Clarion,2004,final,431
Clarion,2005,final,429
Clarion,2006,final,420
Clarion,2007,final,398
Clarion,2008,final,443
Clarion,2009,final,412
Clarion,2010,final,411
Clarion,2011,final,412
Clarion,2012,final,411
Clarion,2013,final,420
Clarion,2014,final,437
Clarion,2015,final,401
Clarion,2016,final,437
Clarion,2017,final,419
Clarion,2018,projected,425
Clarion,2019,projected,424
Clearfield,2000,final,908
Clearfield,2001,final,905
Clearfield,2002,final,943
Clearfield,2003,final,907
Clearfield,2004,final,903
Clearfield,2005,final,916
Clearfield,2006,final,949
Clearfield,2007,final,937
Clearfield,2008,final,961
Clearfield,2009,final,898
Clearfield,2010,final,936
Clearfield,2011,final,920
Clearfield,2012,final,914
Clearfield,2013,final,914
Clearfield,2014,final,912
Clearfield,2015,final,899
Clearfield,2016,final,971
Clearfield,2017,final,985
Clearfield,2018,projected,939
Clearfield,2019,projected,936
Clinton,2000,final,429
Clinton,2001,final,424
Clinton,2002,final,390
Clinton,2003,final,414
Clinton,2004,final,419
Clinton,2005,final,427
Clinton,2006,final,374
Clinton,2007,final,396
Clinton,2008,final,444
Clinton,2009,final,379
Clinton,2010,final,364
Clinton,2011,final,413
Clinton,2012,final,363
Clinton,2013,final,428
Clinton,2014,final,398
Clinton,2015,final,397
Clinton,2016,final,405
Clinton,2017,final,384
Clinton,2018,projected,399
Clinton,2019,projected,399
Columbia,2000,final,627
Columbia,2001,final,612
Columbia,2002,final,687
Columbia,2003,final,706
Columbia,2004,final,670
Columbia,2005,final,677
Columbia,2006,final,647
Columbia,2007,final,684
Columbia,2008,final,735
Columbia,2009,final,692
Columbia,2010,final,684
Columbia,2011,final,708
Columbia,2012,final,632
Columbia,2013,final,654
Columbia,2014,final,703
Columbia,2015,final,732
Columbia,2016,final,686
Columbia,2017,final,725
Columbia,2018,projected,699
Columbia,2019,projected,700
Crawford,2000,final,972
Crawford,2001,final,954
Crawford,2002,final,955
Crawford,2003,final,918
Crawford,2004,final,929
Crawford,2005,final,929
Crawford,2006,final,927
Crawford,2007,final,989
Crawford,2008,final,995
Crawford,2009,final,923
Crawford,2010,final,983
Crawford,2011,final,962
Crawford,2012,final,921
Crawford,2013,final,1058
Crawford,2014,final,972
Crawford,2015,final,1059
Crawford,2016,final,1004
Crawford,2017,final,996
Crawford,2018,projected,991
Crawford,2019,projected,988
Cumberland,2000,final,1985
Cumberland,2001,final,1973
Cumberland,2002,final,2051
Cumberland,2003,final,2032
Cumberland,2004,final,2034
Cumberland,2005,final,2070
Cumberland,2006,final,2144
Cumberland,2007,final,2073
Cumberland,2008,final,2169
Cumberland,2009,final,2046
Cumberland,2010,final,2177
Cumberland,2011,final,2205
Cumberland,2012,final,2215
Cumberland,2013,final,2254
Cumberland,2014,final,2216
Cumberland,2015,final,2301
Cumberland,2016,final,2361
Cumberland,2017,final,2502
Cumberland,2018,projected,2549
Cumberland,2019,projected,2624
Dauphin,2000,final,2447
Dauphin,2001,final,2481
Dauphin,2002,final,2403
Dauphin,2003,final,2486
Dauphin,2004,final,2427
Dauphin,2005,final,2449
Dauphin,2006,final,2317
Dauphin,2007,final,2326
Dauphin,2008,final,2500
Dauphin,2009,final,2311
Dauphin,2010,final,2333
Dauphin,2011,final,2531
Dauphin,2012,final,2316
Dauphin,2013,final,2412
Dauphin,2014,final,2404
Dauphin,2015,final,2537
Dauphin,2016,final,2563
Dauphin,2017,final,2601
Dauphin,2018,projected,2540
Dauphin,2019,projected,2535
Delaware,2000,final,5882
Delaware,2001,final,5690
Delaware,2002,final,5688
Delaware,2003,final,5700
Delaware,2004,final,5487
Delaware,2005,final,5611
Delaware,2006,final,5529
Delaware,2007,final,5490
Delaware,2008,final,5428
Delaware,2009,final,5220
Delaware,2010,final,5442
Delaware,2011,final,5380
Delaware,2012,final,5319
Delaware,2013,final,5514
Delaware,2014,final,5333
Delaware,2015,final,5418
Delaware,2016,final,5584
Delaware,2017,final,5488
Delaware,2018,projected,5482
Delaware,2019,projected,5491
Elk,2000,final,361
Elk,2001,final,387
Elk,2002,final,380
Elk,2003,final,378
Elk,2004,final,372
Elk,2005,final,359
Elk,2006,final,336
Elk,2007,final,353
Elk,2008,final,355
Elk,2009,final,362
Elk,2010,final,378
Elk,2011,final,391
Elk,2012,final,372
Elk,2013,final,399
Elk,2014,final,370
Elk,2015,final,407
Elk,2016,final,394
Elk,2017,final,390
Elk,2018,projected,381
Elk,2019,projected,380
Erie,2000,final,2718
Erie,2001,final,2653
Erie,2002,final,2722
Erie,2003,final,2659
Erie,2004,final,2674
Erie,2005,final,2793
Erie,2006,final,2604
Erie,2007,final,2643
Erie,2008,final,2786
Erie,2009,final,2658
Erie,2010,final,2618
Erie,2011,final,2800
Erie,2012,final,2854
Erie,2013,final,2820
Erie,2014,final,2839
Erie,2015,final,2868
Erie,2016,final,2942
Erie,2017,final,3007
Erie,2018,projected,2992
Erie,2019,projected,3012
Fayette,2000,final,1813
Fayette,2001,final,1861
Fayette,2002,final,1809
Fayette,2003,final,1813
Fayette,2004,final,1746
Fayette,2005,final,1785
Fayette,2006,final,1722
Fayette,2007,final,1762
Fayette,2008,final,1875
Fayette,2009,final,1831
Fayette,2010,final,1792
Fayette,2011,final,1770
Fayette,2012,final,1765
Fayette,2013,final,1770
Fayette,2014,final,1745
Fayette,2015,final,1800
Fayette,2016,final,1781
Fayette,2017,final,1904
Fayette,2018,projected,1813
Fayette,2019,projected,1815
Forest,2000,final,76
Forest,2001,final,66
Forest,2002,final,79
Forest,2003,final,82
Forest,2004,final,72
Forest,2005,final,65
Forest,2006,final,94
Forest,2007,final,73
Forest,2008,final,89
Forest,2009,final,82
Forest,2010,final,78
Forest,2011,final,101
Forest,2012,final,90
Forest,2013,final,87
Forest,2014,final,89
Forest,2015,final,81
Forest,2016,final,88
Forest,2017,final,95
Forest,2018,projected,88
Forest,2019,projected,88
Franklin,2000,final,1286
Franklin,2001,final,1276
Franklin,2002,final,1250
Franklin,2003,final,1342
Franklin,2004,final,1274
Franklin,2005,final,1345
Franklin,2006,final,1276
Franklin,2007,final,1312
Franklin,2008,final,1289
Franklin,2009,final,1401
Franklin,2010,final,1368
Franklin,2011,final,1387
Franklin,2012,final,1363
Franklin,2013,final,1399
Franklin,2014,final,1512
Franklin,2015,final,1548
Franklin,2016,final,1568
Franklin,2017,final,1671
Franklin,2018,projected,1650
Franklin,2019,projected,1680
Fulton,2000,final,138
Fulton,2001,final,145
Fulton,2002,final,112
Fulton,2003,final,135
Fulton,2004,final,135
Fulton,2005,final,133
Fulton,2006,final,135
Fulton,2007,final,119
Fulton,2008,final,136
Fulton,2009,final,126
Fulton,2010,final,147
Fulton,2011,final,111
Fulton,2012,final,142
Fulton,2013,final,161
Fulton,2014,final,148
Fulton,2015,final,190
Fulton,2016,final,156
Fulton,2017,final,160
Fulton,2018,projected,161
Fulton,2019,projected,160
Greene,2000,final,447
Greene,2001,final,444
Greene,2002,final,473
Greene,2003,final,482
Greene,2004,final,424
Greene,2005,final,383
Greene,2006,final,416
Greene,2007,final,367
Greene,2008,final,418
Greene,2009,final,438
Greene,2010,final,469
Greene,2011,final,434
Greene,2012,final,442
Greene,2013,final,430
Greene,2014,final,389
Greene,2015,final,466
Greene,2016,final,415
Greene,2017,final,453
Greene,2018,projected,440
Greene,2019,projected,440
Huntingdon,2000,final,435
Huntingdon,2001,final,409
Huntingdon,2002,final,408
Huntingdon,2003,final,435
Huntingdon,2004,final,447
Huntingdon,2005,final,457
Huntingdon,2006,final,419
Huntingdon,2007,final,449
Huntingdon,2008,final,476
Huntingdon,2009,final,448
Huntingdon,2010,final,404
Huntingdon,2011,final,447
Huntingdon,2012,final,460
Huntingdon,2013,final,419
Huntingdon,2014,final,441
Huntingdon,2015,final,460
Huntingdon,2016,final,473
Huntingdon,2017,final,496
Huntingdon,2018,projected,454
Huntingdon,2019,projected,452
Indiana,2000,final,892
Indiana,2001,final,903
Indiana,2002,final,913
Indiana,2003,final,894
Indiana,2004,final,851
Indiana,2005,final,873
Indiana,2006,final,883
Indiana,2007,final,836
Indiana,2008,final,853
Indiana,2009,final,857
Indiana,2010,final,886
Indiana,2011,final,892
Indiana,2012,final,856
Indiana,2013,final,896
Indiana,2014,final,885
Indiana,2015,final,894
Indiana,2016,final,964
Indiana,2017,final,1007
Indiana,2018,projected,957
Indiana,2019,projected,972
Jefferson,2000,final,537
Jefferson,2001,final,561
Jefferson,2002,final,557
Jefferson,2003,final,560
Jefferson,2004,final,545
Jefferson,2005,final,525
Jefferson,2006,final,537
Jefferson,2007,final,522
Jefferson,2008,final,567
Jefferson,2009,final,510
Jefferson,2010,final,598
Jefferson,2011,final,531
Jefferson,2012,final,582
Jefferson,2013,final,549
Jefferson,2014,final,560
Jefferson,2015,final,573
Jefferson,2016,final,544
Jefferson,2017,final,572
Jefferson,2018,projected,551
Jefferson,2019,projected,555
Juniata,2000,final,235
Juniata,2001,final,208
Juniata,2002,final,226
Juniata,2003,final,196
Juniata,2004,final,195
Juniata,2005,final,245
Juniata,2006,final,215
Juniata,2007,final,208
Juniata,2008,final,236
Juniata,2009,final,222
Juniata,2010,final,243
Juniata,2011,final,217
Juniata,2012,final,262
Juniata,2013,final,245
Juniata,2014,final,242
Juniata,2015,final,276
Juniata,2016,final,274
Juniata,2017,final,238
Juniata,2018,projected,252
Juniata,2019,projected,252
Lackawanna,2000,final,2944
Lackawanna,2001,final,2915
Lackawanna,2002,final,2820
Lackawanna,2003,final,2898
Lackawanna,2004,final,2751
Lackawanna,2005,final,2829
Lackawanna,2006,final,2700
Lackawanna,2007,final,2612
Lackawanna,2008,final,2806
Lackawanna,2009,final,2627
Lackawanna,2010,final,2589
Lackawanna,2011,final,2668
Lackawanna,2012,final,2733
Lackawanna,2013,final,2724
Lackawanna,2014,final,2614
Lackawanna,2015,final,2728
Lackawanna,2016,final,2636
Lackawanna,2017,final,2713
Lackawanna,2018,projected,2683
Lackawanna,2019,projected,2687
Lancaster,2000,final,4257
Lancaster,2001,final,4181
Lancaster,2002,final,4298
Lancaster,2003,final,4337
Lancaster,2004,final,4413
Lancaster,2005,final,4458
Lancaster,2006,final,4346
Lancaster,2007,final,4342
Lancaster,2008,final,4634
Lancaster,2009,final,4484
Lancaster,2010,final,4375
Lancaster,2011,final,4485
Lancaster,2012,final,4731
Lancaster,2013,final,4766
Lancaster,2014,final,4793
Lancaster,2015,final,5032
Lancaster,2016,final,5116
Lancaster,2017,final,5192
Lancaster,2018,projected,5121
Lancaster,2019,projected,5085
Lawrence,2000,final,1150
Lawrence,2001,final,1167
Lawrence,2002,final,1224
Lawrence,2003,final,1171
Lawrence,2004,final,1173
Lawrence,2005,final,1146
Lawrence,2006,final,1040
Lawrence,2007,final,1041
Lawrence,2008,final,1105
Lawrence,2009,final,1083
Lawrence,2010,final,1061
Lawrence,2011,final,1120
Lawrence,2012,final,1074
Lawrence,2013,final,1146
Lawrence,2014,final,1214
Lawrence,2015,final,1166
Lawrence,2016,final,1221
Lawrence,2017,final,1238
Lawrence,2018,projected,1216
Lawrence,2019,projected,1208
Lebanon,2000,final,1280
Lebanon,2001,final,1240
Lebanon,2002,final,1257
Lebanon,2003,final,1324
Lebanon,2004,final,1325
Lebanon,2005,final,1388
Lebanon,2006,final,1326
Lebanon,2007,final,1341
Lebanon,2008,final,1339
Lebanon,2009,final,1369
Lebanon,2010,final,1342
Lebanon,2011,final,1436
Lebanon,2012,final,1322
Lebanon,2013,final,1493
Lebanon,2014,final,1316
Lebanon,2015,final,1489
Lebanon,2016,final,1496
Lebanon,2017,final,1532
Lebanon,2018,projected,1499
Lebanon,2019,projected,1494
Lehigh,2000,final,3251
Lehigh,2001,final,3137
Lehigh,2002,final,3118
Lehigh,2003,final,3186
Lehigh,2004,final,3058
Lehigh,2005,final,3140
Lehigh,2006,final,3112
Lehigh,2007,final,3048
Lehigh,2008,final,3029
Lehigh,2009,final,3086
Lehigh,2010,final,3141
Lehigh,2011,final,3244
Lehigh,2012,final,3375
Lehigh,2013,final,3295
Lehigh,2014,final,3383
Lehigh,2015,final,3372
Lehigh,2016,final,3412
Lehigh,2017,final,3430
Lehigh,2018,projected,3628
Lehigh,2019,projected,3696
Luzerne,2000,final,4482
Luzerne,2001,final,4461
Luzerne,2002,final,4322
Luzerne,2003,final,4522
Luzerne,2004,final,4193
Luzerne,2005,final,4205
Luzerne,2006,final,4058
Luzerne,2007,final,4102
Luzerne,2008,final,4107
Luzerne,2009,final,4015
Luzerne,2010,final,3957
Luzerne,2011,final,3970
Luzerne,2012,final,3866
Luzerne,2013,final,4175
Luzerne,2014,final,4001
Luzerne,2015,final,4014
Luzerne,2016,final,3928
Luzerne,2017,final,4155
Luzerne,2018,projected,4123
Luzerne,2019,projected,4143
Lycoming,2000,final,1267
Lycoming,2001,final,1217
Lycoming,2002,final,1202
Lycoming,2003,final,1274
Lycoming,2004,final,1225
Lycoming,2005,final,1287
Lycoming,2006,final,1181
Lycoming,2007,final,1300
Lycoming,2008,final,1216
Lycoming,2009,final,1296
Lycoming,2010,final,1217
Lycoming,2011,final,1248
Lycoming,2012,final,1238
Lycoming,2013,final,1180
Lycoming,2014,final,1310
Lycoming,2015,final,1288
Lycoming,2016,final,1255
Lycoming,2017,final,1284
Lycoming,2018,projected,1253
Lycoming,2019,projected,1255
McKean,2000,final,560
McKean,2001,final,549
McKean,2002,final,535
McKean,2003,final,491
McKean,2004,final,527
McKean,2005,final,519
McKean,2006,final,534
McKean,2007,final,527
McKean,2008,final,490
McKean,2009,final,516
McKean,2010,final,503
McKean,2011,final,519
McKean,2012,final,524
McKean,2013,final,529
McKean,2014,final,475
McKean,2015,final,528
McKean,2016,final,506
McKean,2017,final,498
McKean,2018,projected,518
McKean,2019,projected,518
Mercer,2000,final,1513
Mercer,2001,final,1403
Mercer,2002,final,1401
Mercer,2003,final,1346
Mercer,2004,final,1313
Mercer,2005,final,1453
Mercer,2006,final,1325
Mercer,2007,final,1421
Mercer,2008,final,1422
Mercer,2009,final,1366
Mercer,2010,final,1358
Mercer,2011,final,1330
Mercer,2012,final,1340
Mercer,2013,final,1416
Mercer,2014,final,1355
Mercer,2015,final,1453
Mercer,2016,final,1424
Mercer,2017,final,1520
Mercer,2018,projected,1454
Mercer,2019,projected,1451
Mifflin,2000,final,528
Mifflin,2001,final,527
Mifflin,2002,final,507
Mifflin,2003,final,525
Mifflin,2004,final,535
Mifflin,2005,final,554
Mifflin,2006,final,523
Mifflin,2007,final,473
Mifflin,2008,final,540
Mifflin,2009,final,478
Mifflin,2010,final,522
Mifflin,2011,final,511
Mifflin,2012,final,485
Mifflin,2013,final,516
Mifflin,2014,final,533
Mifflin,2015,final,582
Mifflin,2016,final,517
Mifflin,2017,final,574
Mifflin,2018,projected,528
Mifflin,2019,projected,527
Monroe,2000,final,1143
Monroe,2001,final,1164
Monroe,2002,final,1209
Monroe,2003,final,1151
Monroe,2004,final,1169
Monroe,2005,final,1181
Monroe,2006,final,1199
Monroe,2007,final,1176
Monroe,2008,final,1208
Monroe,2009,final,1329
Monroe,2010,final,1208
Monroe,2011,final,1212
Monroe,2012,final,1300
Monroe,2013,final,1366
Monroe,2014,final,1333
Monroe,2015,final,1513
Monroe,2016,final,1466
Monroe,2017,final,1457
Monroe,2018,projected,1523
Monroe,2019,projected,1555
Montgomery,2000,final,7237
Montgomery,2001,final,7005
Montgomery,2002,final,7066
Montgomery,2003,final,6933
Montgomery,2004,final,7147
Montgomery,2005,final,7114
Montgomery,2006,final,7001
Montgomery,2007,final,7064
Montgomery,2008,final,6901
Montgomery,2009,final,7014
Montgomery,2010,final,6937
Montgomery,2011,final,7177
Montgomery,2012,final,7124
Montgomery,2013,final,7309
Montgomery,2014,final,7352
Montgomery,2015,final,7441
Montgomery,2016,final,7602
Montgomery,2017,final,7891
Montgomery,2018,projected,7729
Montgomery,2019,projected,7729
Montour,2000,final,239
Montour,2001,final,224
Montour,2002,final,236
Montour,2003,final,204
Montour,2004,final,209
Montour,2005,final,259
Montour,2006,final,231
Montour,2007,final,234
Montour,2008,final,232
Montour,2009,final,210
Montour,2010,final,201
Montour,2011,final,235
Montour,2012,final,200
Montour,2013,final,220
Montour,2014,final,240
Montour,2015,final,223
Montour,2016,final,232
Montour,2017,final,227
Montour,2018,projected,227
Montour,2019,projected,227
Northampton,2000,final,2443
Northampton,2001,final,2524
Northampton,2002,final,2627
Northampton,2003,final,2570
Northampton,2004,final,2618
Northampton,2005,final,2655
Northampton,2006,final,2536
Northampton,2007,final,2586
Northampton,2008,final,2689
Northampton,2009,final,2643
Northampton,2010,final,2710
Northampton,2011,final,2722
Northampton,2012,final,2763
Northampton,2013,final,2892
Northampton,2014,final,2947
Northampton,2015,final,3003
Northampton,2016,final,2963
Northampton,2017,final,3067
Northampton,2018,projected,3047
Northampton,2019,projected,3059
Northumberland,2000,final,1198
Northumberland,2001,final,1204
Northumberland,2002,final,1221
Northumberland,2003,final,1117
Northumberland,2004,final,1209
Northumberland,2005,final,1222
Northumberland,2006,final,1131
Northumberland,2007,final,1137
Northumberland,2008,final,1205
Northumberland,2009,final,1091
Northumberland,2010,final,1160
Northumberland,2011,final,1223
Northumberland,2012,final,1139
Northumberland,2013,final,1134
Northumberland,2014,final,1142
Northumberland,2015,final,1187
Northumberland,2016,final,1181
Northumberland,2017,final,1195
Northumberland,2018,projected,1175
Northumberland,2019,projected,1173
Perry,2000,final,360
Perry,2001,final,378
Perry,2002,final,393
Perry,2003,final,378
Perry,2004,final,411
Perry,2005,final,377
Perry,2006,final,399
Perry,2007,final,395
Perry,2008,final,419
Perry,2009,final,384
Perry,2010,final,410
Perry,2011,final,432
Perry,2012,final,426
Perry,2013,final,434
Perry,2014,final,443
Perry,2015,final,481
Perry,2016,final,470
Perry,2017,final,469
Perry,2018,projected,475
Perry,2019,projected,482
Philadelphia,2000,final,17620
Philadelphia,2001,final,17267
Philadelphia,2002,final,16695
Philadelphia,2003,final,16506
Philadelphia,2004,final,15693
Philadelphia,2005,final,15636
Philadelphia,2006,final,15163
Philadelphia,2007,final,15008
Philadelphia,2008,final,14451
Philadelphia,2009,final,14266
Philadelphia,2010,final,13816
Philadelphia,2011,final,14493
Philadelphia,2012,final,14023
Philadelphia,2013,final,13880
Philadelphia,2014,final,13923
Philadelphia,2015,final,14078
Philadelphia,2016,final,14351
Philadelphia,2017,final,14436
Philadelphia,2018,projected,14528
Philadelphia,2019,projected,14657
Pike,2000,final,287
Pike,2001,final,359
Pike,2002,final,376
Pike,2003,final,333
Pike,2004,final,323
Pike,2005,final,397
Pike,2006,final,358
Pike,2007,final,370
Pike,2008,final,388
Pike,2009,final,375
Pike,2010,final,317
Pike,2011,final,418
Pike,2012,final,416
Pike,2013,final,443
Pike,2014,final,387
Pike,2015,final,503
Pike,2016,final,503
Pike,2017,final,511
Pike,2018,projected,507
Pike,2019,projected,513
Potter,2000,final,179
Potter,2001,final,199
Potter,2002,final,227
Potter,2003,final,224
Potter,2004,final,211
Potter,2005,final,192
Potter,2006,final,206
Potter,2007,final,190
Potter,2008,final,193
Potter,2009,final,195
Potter,2010,final,192
Potter,2011,final,199
Potter,2012,final,195
Potter,2013,final,207
Potter,2014,final,198
Potter,2015,final,197
Potter,2016,final,204
Potter,2017,final,231
Potter,2018,projected,202
Potter,2019,projected,202
Schuylkill,2000,final,2100
Schuylkill,2001,final,2137
Schuylkill,2002,final,2057
Schuylkill,2003,final,2065
Schuylkill,2004,final,2136
Schuylkill,2005,final,2028
Schuylkill,2006,final,1977
Schuylkill,2007,final,1845
Schuylkill,2008,final,1932
Schuylkill,2009,final,1851
Schuylkill,2010,final,1857
Schuylkill,2011,final,1939
Schuylkill,2012,final,1935
Schuylkill,2013,final,1993
Schuylkill,2014,final,1942
Schuylkill,2015,final,1943
Schuylkill,2016,final,2066
Schuylkill,2017,final,1967
Schuylkill,2018,projected,2001
Schuylkill,2019,projected,1984
Snyder,2000,final,360
Snyder,2001,final,301
Snyder,2002,final,324
Snyder,2003,final,337
Snyder,2004,final,313
Snyder,2005,final,329
Snyder,2006,final,310
Snyder,2007,final,301
Snyder,2008,final,355
Snyder,2009,final,329
Snyder,2010,final,328
Snyder,2011,final,313
Snyder,2012,final,367
Snyder,2013,final,375
Snyder,2014,final,341
Snyder,2015,final,336
Snyder,2016,final,349
Snyder,2017,final,348
Snyder,2018,projected,337
Snyder,2019,projected,337
Somerset,2000,final,921
Somerset,2001,final,901
Somerset,2002,final,940
Somerset,2003,final,997
Somerset,2004,final,873
Somerset,2005,final,950
Somerset,2006,final,938
Somerset,2007,final,927
Somerset,2008,final,903
Somerset,2009,final,921
Somerset,2010,final,890
Somerset,2011,final,931
Somerset,2012,final,898
Somerset,2013,final,1059
Somerset,2014,final,965
Somerset,2015,final,997
Somerset,2016,final,980
Somerset,2017,final,1029
Somerset,2018,projected,1000
Somerset,2019,projected,1000
Sullivan,2000,final,100
Sullivan,2001,final,104
Sullivan,2002,final,113
Sullivan,2003,final,91
Sullivan,2004,final,101
Sullivan,2005,final,107
Sullivan,2006,final,93
Sullivan,2007,final,96
Sullivan,2008,final,101
Sullivan,2009,final,96
Sullivan,2010,final,104
Sullivan,2011,final,123
Sullivan,2012,final,106
Sullivan,2013,final,109
Sullivan,2014,final,99
Sullivan,2015,final,107
Sullivan,2016,final,87
Sullivan,2017,final,103
Sullivan,2018,projected,102
Sullivan,2019,projected,102
Susquehanna,2000,final,426
Susquehanna,2001,final,477
Susquehanna,2002,final,472
Susquehanna,2003,final,435
Susquehanna,2004,final,464
Susquehanna,2005,final,448
Susquehanna,2006,final,442
Susquehanna,2007,final,448
Susquehanna,2008,final,507
Susquehanna,2009,final,406
Susquehanna,2010,final,460
Susquehanna,2011,final,483
Susquehanna,2012,final,423
Susquehanna,2013,final,441
Susquehanna,2014,final,437
Susquehanna,2015,final,472
Susquehanna,2016,final,465
Susquehanna,2017,final,510
Susquehanna,2018,projected,456
Susquehanna,2019,projected,456
Tioga,2000,final,432
Tioga,2001,final,394
Tioga,2002,final,420
Tioga,2003,final,399
Tioga,2004,final,390
Tioga,2005,final,426
Tioga,2006,final,426
Tioga,2007,final,412
Tioga,2008,final,441
Tioga,2009,final,420
Tioga,2010,final,440
Tioga,2011,final,436
Tioga,2012,final,416
Tioga,2013,final,470
Tioga,2014,final,434
Tioga,2015,final,448
Tioga,2016,final,433
Tioga,2017,final,489
Tioga,2018,projected,452
Tioga,2019,projected,449
Union,2000,final,358
Union,2001,final,343
Union,2002,final,336
Union,2003,final,397
Union,2004,final,340
Union,2005,final,386
Union,2006,final,367
Union,2007,final,343
Union,2008,final,373
Union,2009,final,387
Union,2010,final,393
Union,2011,final,376
Union,2012,final,346
Union,2013,final,378
Union,2014,final,365
Union,2015,final,364
Union,2016,final,374
Union,2017,final,388
Union,2018,projected,368
Union,2019,projected,368
Venango,2000,final,646
Venango,2001,final,648
Venango,2002,final,626
Venango,2003,final,698
Venango,2004,final,681
Venango,2005,final,663
Venango,2006,final,611
Venango,2007,final,594
Venango,2008,final,655
Venango,2009,final,628
Venango,2010,final,635
Venango,2011,final,705
Venango,2012,final,661
Venango,2013,final,606
Venango,2014,final,630
Venango,2015,final,664
Venango,2016,final,617
Venango,2017,final,692
Venango,2018,projected,651
Venango,2019,projected,650
Warren,2000,final,471
Warren,2001,final,497
Warren,2002,final,481
Warren,2003,final,498
Warren,2004,final,451
Warren,2005,final,493
Warren,2006,final,458
Warren,2007,final,490
Warren,2008,final,504
Warren,2009,final,492
Warren,2010,final,451
Warren,2011,final,503
Warren,2012,final,487
Warren,2013,final,539
Warren,2014,final,473
Warren,2015,final,510
Warren,2016,final,479
Warren,2017,final,538
Warren,2018,projected,494
Warren,2019,projected,499
Washington,2000,final,2445
Washington,2001,final,2568
Washington,2002,final,2449
Washington,2003,final,2354
Washington,2004,final,2483
Washington,2005,final,2386
Washington,2006,final,2369
Washington,2007,final,2301
Washington,2008,final,2495
Washington,2009,final,2433
Washington,2010,final,2419
Washington,2011,final,2500
Washington,2012,final,2494
Washington,2013,final,2538
Washington,2014,final,2498
Washington,2015,final,2618
Washington,2016,final,2501
Washington,2017,final,2632
Washington,2018,projected,2560
Washington,2019,projected,2559
Wayne,2000,final,566
Wayne,2001,final,546
Wayne,2002,final,638
Wayne,2003,final,617
Wayne,2004,final,608
Wayne,2005,final,590
Wayne,2006,final,596
Wayne,2007,final,544
Wayne,2008,final,599
Wayne,2009,final,562
Wayne,2010,final,552
Wayne,2011,final,592
Wayne,2012,final,598
Wayne,2013,final,616
Wayne,2014,final,588
Wayne,2015,final,588
Wayne,2016,final,641
Wayne,2017,final,617
Wayne,2018,projected,597
Wayne,2019,projected,594
Westmoreland,2000,final,4260
Westmoreland,2001,final,4321
Westmoreland,2002,final,4529
Westmoreland,2003,final,4402
Westmoreland,2004,final,4350
Westmoreland,2005,final,4306
Westmoreland,2006,final,4231
Westmoreland,2007,final,4291
Westmoreland,2008,final,4365
Westmoreland,2009,final,4322
Westmoreland,2010,final,4238
Westmoreland,2011,final,4400
Westmoreland,2012,final,4273
Westmoreland,2013,final,4413
Westmoreland,2014,final,4501
Westmoreland,2015,final,4601
Westmoreland,2016,final,4614
Westmoreland,2017,final,4584
Westmoreland,2018,projected,4556
Westmoreland,2019,projected,4543
Wyoming,2000,final,257
Wyoming,2001,final,260
Wyoming,2002,final,264
Wyoming,2003,final,256
Wyoming,2004,final,252
Wyoming,2005,final,292
Wyoming,2006,final,283
Wyoming,2007,final,264
Wyoming,2008,final,290
Wyoming,2009,final,294
Wyoming,2010,final,267
Wyoming,2011,final,270
Wyoming,2012,final,298
Wyoming,2013,final,298
Wyoming,2014,final,294
Wyoming,2015,final,316
Wyoming,2016,final,319
Wyoming,2017,final,346
Wyoming,2018,projected,331
Wyoming,2019,projected,339
York,2000,final,3351
York,2001,final,3286
York,2002,final,3299
York,2003,final,3272
York,2004,final,3476
York,2005,final,3439
York,2006,final,3373
York,2007,final,3440
York,2008,final,3624
York,2009,final,3545
York,2010,final,3616
York,2011,final,3763
York,2012,final,3615
York,2013,final,3786
York,2014,final,3978
York,2015,final,4235
York,2016,final,4208
York,2017,final,4239
York,2018,projected,4309
York,2019,projected,4378
